{"cameraMode":{"drawMode":0,"name":"Shaded","section":"Shading Mode"},"sceneLighting":true,"audioPlay":false,"sceneViewState":{"showFog":true,"showMaterialUpdate":false,"showSkybox":true,"showFlares":true,"showImageEffects":true,"showParticleSystems":true},"in2DMode":false,"pivot":{"x":1.8286200761795045,"y":-0.020471157506108285,"z":1.570029854774475},"rotation":{"x":0.0010532027808949352,"y":-0.9583210945129395,"z":0.28577670454978945,"w":0.0034539455082267524},"size":6.9735636711120609,"orthographic":false}