{"cameraMode":{"drawMode":0,"name":"Shaded","section":"Shading Mode"},"sceneLighting":false,"audioPlay":false,"sceneViewState":{"showFog":true,"showMaterialUpdate":false,"showSkybox":false,"showFlares":true,"showImageEffects":true,"showParticleSystems":true},"in2DMode":false,"pivot":{"x":3.351616859436035,"y":0.09723854064941406,"z":4.802642822265625},"rotation":{"x":0.37159591913223269,"y":-0.47578805685043337,"z":0.23177111148834229,"w":0.7627984285354614},"size":4.0856404304504398,"orthographic":false}